path,kind,split,source,url,license,license_url,retrieved,duration_seconds,speaker_id,release_id
tts/en_US-libritts_r-medium/hard_negative/train,hard_negative,train,Piper voice en_US-libritts_r-medium,https://huggingface.co/rhasspy/piper-voices/resolve/main/en/en_US/libritts_r/medium/en_US-libritts_r-medium.onnx,CC-BY-4.0,https://creativecommons.org/licenses/by/4.0/,2026-10-07,33042.7,,
tts/en_US-libritts_r-medium/positive/dev,positive,dev,Piper voice en_US-libritts_r-medium,https://huggingface.co/rhasspy/piper-voices/resolve/main/en/en_US/libritts_r/medium/en_US-libritts_r-medium.onnx,CC-BY-4.0,https://creativecommons.org/licenses/by/4.0/,2026-10-07,3539.4,en_US-libritts_r-medium/held-out,
tts/en_US-libritts_r-medium/positive/train,positive,train,Piper voice en_US-libritts_r-medium,https://huggingface.co/rhasspy/piper-voices/resolve/main/en/en_US/libritts_r/medium/en_US-libritts_r-medium.onnx,CC-BY-4.0,https://creativecommons.org/licenses/by/4.0/,2026-10-07,31322.8,en_US-libritts_r-medium,
negatives/librispeech_train,negative,train,librispeech_train,https://www.openslr.org/12/,CC-BY-4.0,https://creativecommons.org/licenses/by/4.0/,2026-10-07,1080013.4,,
negatives/musan,negative,train,musan,https://www.openslr.org/17/,CC-BY-4.0,https://creativecommons.org/licenses/by/4.0/,2026-10-07,391957.4,,
negatives/voxpopuli_train,negative,train,voxpopuli_train,https://github.com/facebookresearch/voxpopuli,CC0-1.0,https://creativecommons.org/publicdomain/zero/1.0/,2026-10-07,216000.1,,
negatives/ami_train,negative,train,ami_train,https://groups.inf.ed.ac.uk/ami/corpus/,CC-BY-4.0,https://creativecommons.org/licenses/by/4.0/,2026-10-07,197652.6,,
negatives/librispeech_val,negative,dev,librispeech_val,https://www.openslr.org/12/,CC-BY-4.0,https://creativecommons.org/licenses/by/4.0/,2026-10-07,68248.9,,
negatives/voxpopuli_val,negative,dev,voxpopuli_val,https://github.com/facebookresearch/voxpopuli,CC0-1.0,https://creativecommons.org/publicdomain/zero/1.0/,2026-10-07,144000.1,,
negatives/ami_val,negative,dev,ami_val,https://groups.inf.ed.ac.uk/ami/corpus/,CC-BY-4.0,https://creativecommons.org/licenses/by/4.0/,2026-10-07,257244.6,,
rir/mit,rir,train,MIT Acoustical Reverberation Scene Statistics Survey,https://mcdermottlab.mit.edu/Reverb/IRMAudio/Audio.zip,CC-BY-4.0,https://creativecommons.org/licenses/by/4.0/,2026-10-07,150.5,,
